AINL	642
ABalaaaalar	642
ABalaaaala	500
ABalaaaalpa	627
ILshL	627
ABalaaaalp	500
ABalaaaal	358
ABalaaaarla	614
RMEL	614
ABalaaaarl	500
ABalaaaarra	614
RMER	614
ABalaaaarr	500
ABalaaaar	358
ABalaaaa	258
ILsoL	567
AVDL	567
ABalaaapal	453
ABalaaaparl	586
ILshDL	586
ABalaaapar	453
ABalaaapa	349
ILshDR	586
ABalaaapplr	586
ABalaaappl	453
AVDR	567
ILsoR	567
ABalaaappr	453
ABalaaapp	349
ABalaaap	258
ABalaaa	205
ABalaapaaal	642
AINR	642
ABalaapaaa	481
ABalaapaapa	627
ILshR	627
ABalaapaap	481
ABalaapaa	358
ABalaapapa	481
ABalaapappa	585
CEPsoVR	585
ABalaapapp	481
ABalaapap	358
ABalaapa	260
ABalaappaa	482
AVAR	586
OLQsoVR	586
ABalaappap	482
ABalaappa	349
RIAR	615
ABalaapppap	615
ABalaapppa	444
IL1R	805
ABalaappppap	805
ABalaappppa	577
IL2R	577
ABalaapppp	444
ABalaappp	349
ABalaapp	260
ABalaap	205
ABalaa	156
AVHL	662
ABalapaaaap	662
ABalapaaaa	434
CANL	576
OLLsoL	576
ABalapaaap	434
ABalapaaa	349
RIAL	627
ABalapaapap	627
ABalapaapa	434
IL1L	779
ABalapaappap	779
ABalapaappa	567
IL2L	567
ABalapaapp	434
ABalapaap	349
ABalapaa	254
ABalapapaa	434
OLQDL	785
ABalapapapap	785
ABalapapapa	567
URYDL	567
ABalapapap	434
ABalapapa	330
IL1DL	767
ABalapappaap	767
ABalapappaa	558
IL2DL	558
ABalapappa	425
AVJL	577
CEPsoDL	577
ABalapappp	425
ABalapapp	330
ABalapap	254
ABalapa	201
ABalappaaa	482
RID	672
ABalappaapp	672
ABalappaap	482
ABalappaa	349
AVHR	643
ABalappapap	643
ABalappapa	434
CANR	576
OLLsoR	576
ABalappapp	434
ABalappap	349
ABalappa	256
ALA	601
RMED	601
ABalapppaa	430
OLQDR	784
ABalapppapap	784
ABalapppapa	566
URYDR	566
ABalapppap	430
ABalapppa	330
IL1DR	767
ABalappppaap	767
ABalappppaa	558
IL2DR	558
ABalappppa	425
AVJR	577
CEPsoDR	577
ABalappppp	425
ABalapppp	330
ABalappp	256
ABalapp	201
ABalap	156
ABala	122
e3VL	633
m2VL	633
ABalpaaaaa	476
m1VL	633
ABalpaaaapp	633
ABalpaaaap	476
ABalpaaaa	359
m2L	675
ABalpaaapap	675
ABalpaaapa	476
ABalpaaappa	666
MCL	666
ABalpaaapp	476
ABalpaaap	359
ABalpaaa	283
arc post DL	596
e2DL	596
ABalpaapaa	454
mc1DL	558
m3L	558
ABalpaapap	454
ABalpaapa	340
arc ant DL	605
arc post VL	605
ABalpaappa	463
hyp1DL	586
hyp2DL	586
ABalpaappp	463
ABalpaapp	340
ABalpaap	283
ABalpaa	226
RIPL	567
hyp2V	567
ABalpapaaa	459
arc ant V	614
ABalpapaapp	614
ABalpapaap	459
ABalpapaa	340
RMDDL	568
ABalpapapapa	767
SMBDL	767
ABalpapapap	568
ABalpapapa	454
ABalpapappa	606
SMBVL	606
ABalpapapp	454
ABalpapap	340
ABalpapa	283
ABalpappaaa	586
I2L	757
ABalpappaapp	757
ABalpappaap	586
ABalpappaa	438
e2V	538
mc3V	538
ABalpappap	438
ABalpappa	340
I1L	630
ABalpapppap	630
ABalpapppa	435
mc1V	516
m3VL	516
ABalpapppp	435
ABalpappp	340
ABalpapp	283
ABalpap	226
ABalpa	156
ABalppaaaa	475
AVAL	585
OLQsoVL	585
ABalppaaap	475
ABalppaaa	335
ABalppaapa	462
ABalppaappa	604
CEPsoVL	604
ABalppaapp	462
ABalppaap	335
ABalppaa	292
RMDVL	595
ILshVL	595
ABalppapaa	443
SAADL	579
ILsoVL	579
ABalppapap	443
ABalppapa	316
SMDVL	575
BAGL	575
ABalppappa	437
IL1VL	803
ABalppapppap	803
ABalppapppa	566
IL2VL	566
ABalppappp	437
ABalppapp	316
ABalppap	292
ABalppa	226
AVEL	624
OLQshVL	624
ABalpppaaa	476
OLLshL	633
ABalpppaapv	633
ABalpppaap	476
ABalpppaa	340
RMDL	606
AFDL	606
ABalpppapa	454
ABalpppappa	568
ASKL	739
ABalpppapppp	739
ABalpppappp	568
ABalpppapp	454
ABalpppap	340
ABalpppa	283
ADLL	576
ABalppppaav	576
ABalppppaa	449
OLLL	804
ABalppppapap	804
ABalppppapa	595
ABalppppapp	595
ABalppppap	449
ABalppppa	307
ADFL	557
AWBL	557
ABalpppppa	438
ASEL	675
ABalppppppap	675
ABalppppppa	510
ASJL	675
AUAL	675
ABalppppppp	510
ABalpppppp	438
ABalppppp	307
ABalpppp	283
ABalppp	226
ABalpp	156
ABalp	122
ABal	94
e1VL	643
m1L	643
ABaraaaaaa	482
e1VR	653
m1R	653
ABaraaaaap	482
ABaraaaaa	368
ABaraaaapaa	643
e1D	643
ABaraaaapa	501
ABaraaaapp	501
ABaraaaap	368
ABaraaaa	283
arc post DR	587
e2DR	587
ABaraaapaa	454
mc1DR	558
m4R	558
ABaraaapap	454
ABaraaapa	359
arc post D	605
arc post VR	605
ABaraaappa	463
arc ant DR	596
hyp1DR	596
ABaraaappp	463
ABaraaapp	359
ABaraaap	283
ABaraaa	226
e3D	595
m1DL	595
ABaraapaaa	459
m2DL	576
mc2DL	576
ABaraapaap	459
ABaraapaa	359
ABaraapapaad	813
NSML	813
ABaraapapaa	557
m5L	557
ABaraapapa	459
M2L	643
M3L	643
ABaraapapp	459
ABaraapap	359
ABaraapa	283
MI	605
m1DR	605
ABaraappaa	459
m2DR	576
mc2DR	576
ABaraappap	459
ABaraappa	359
ABaraapppaad	813
NSMR	813
ABaraapppaa	557
m5R	557
ABaraapppa	459
M2R	633
M3R	633
ABaraapppp	459
ABaraappp	359
ABaraapp	283
ABaraap	226
ABaraa	169
e3VR	630
m2VR	630
ABarapaaaa	463
m1VR	634
ABarapaaapp	634
ABarapaaap	463
ABarapaaa	368
m2R	671
ABarapaapap	671
ABarapaapa	459
m3R	576
MCR	576
ABarapaapp	459
ABarapaap	368
ABarapaa	283
ABarapapaaa	611
I2R	757
ABarapapaapp	757
ABarapapaap	611
ABarapapaa	435
arc post V	558
I5	558
ABarapapap	435
ABarapapa	359
I1R	630
ABarapappap	630
ABarapappa	425
mc2V	529
m3VR	529
ABarapappp	425
ABarapapp	359
ABarapap	283
ABarapa	226
RIPR	605
ABarappaaap	605
ABarappaaa	459
hyp1V	624
ABarappaapp	624
ABarappaap	459
ABarappaa	359
RMDDR	580
ABarappapapa	794
SMBDR	794
ABarappapap	580
ABarappapa	444
DB2	596
SMBVR	596
ABarappapp	444
ABarappap	359
ABarappa	283
RMDVR	586
ILshVR	586
ABarapppaa	444
SAADR	586
ILsoVR	586
ABarapppap	444
ABarapppa	359
SMDVR	586
BAGR	586
ABarappppa	440
IL1VR	614
ABarapppppap	614
ABarapppppa	576
IL2VR	576
ABarappppp	440
ABarapppp	359
ABarappp	283
ABarapp	226
ABarap	169
ABara	122
OLQsoDL	634
OLQsoDR	634
ABarpaaaaa	482
OLQshDL	634
CEPshDL	634
ABarpaaaap	482
ABarpaaaa	368
OLQshDR	624
CEPshDR	624
ABarpaaapa	482
ABarpaaapp	482
ABarpaaap	368
ABarpaaa	283
hyp6	453
hyp7	453
ABarpaapa	349
hyp7	434
hyp7	434
ABarpaapp	349
ABarpaap	283
ABarpaa	226
URADR	634
CEMDR	634
ABarpapaaa	473
ABarpapaapa	587
CEPDR	748
URXR	748
ABarpapaapp	587
ABarpapaap	473
ABarpapaa	359
hyp4	463
hyp6	463
ABarpapap	359
ABarpapa	283
XXXR	482
hyp5	482
ABarpappa	359
H0R	454
se	3392
hyp7	4509
hyp7	5592
se	5592
H1Rapp	4509
H1Rap	3392
H1Ra	2401
hyp7	2401
H1R	454
ABarpappp	359
ABarpapp	283
ABarpap	226
ABarpa	156
ADEshL	472
ADEsoL	2571
hyp7	2571
H2La	2343
hyp7	3369
hyp7	4395
hyp7	5421
se	5421
H2Lppp	4395
H2Lpp	3369
H2Lp	2343
H2L	472
ABarppaaa	381
hyp7	462
ALML	851
BDUL	851
ABarppaapp	462
ABarppaap	381
ABarppaa	283
hyp7	2116
hyp7	3484
hyp7	4396
hyp7	5422
se	5422
V1Lpapp	4396
V1Lpap	3484
V1Lpa	3370
hyp7	3484
hyp7	4396
hyp7	5422
se	5422
V1Lpppp	4396
V1Lppp	3484
V1Lpp	3370
V1Lp	2116
V1L	463
hyp7	2116
hyp7	3484
hyp7	4396
hyp7	5422
se	5422
V2Lpapp	4396
V2Lpap	3484
V2Lpa	3370
hyp7	3484
hyp7	4396
hyp7	5422
se	5422
V2Lpppp	4396
V2Lppp	3484
V2Lpp	3370
V2Lp	2116
V2L	463
ABarppapa	368
hyp7	2116
hyp7	3484
hyp7	4396
hyp7	5422
se	5422
V4Lpapp	4396
V4Lpap	3484
V4Lpa	3370
hyp7	3484
hyp7	4396
hyp7	5422
se	5422
V4Lpppp	4396
V4Lppp	3484
V4Lpp	3370
V4Lp	2116
V4L	463
hyp7	2127
hyp7	3596
hyp7	4451
hyp7	5534
se	5534
V6Lpapp	4451
V6Lpap	3596
V6Lpa	3460
hyp7	3596
hyp7	4451
hyp7	5534
se	5534
V6Lpppp	4451
V6Lppp	3596
V6Lpp	3460
V6Lp	2127
V6L	463
ABarppapp	368
ABarppap	283
ABarppa	226
ADEshR	472
ADEsoR	2571
hyp7	2571
H2Ra	2343
hyp7	3369
hyp7	4395
hyp7	5421
se	5421
H2Rppp	4395
H2Rpp	3369
H2Rp	2343
H2R	472
ABarpppaa	381
hyp7	462
ALMR	851
BDUR	851
ABarpppapp	462
ABarpppap	381
ABarpppa	283
hyp7	2116
hyp7	3484
hyp7	4396
hyp7	5422
se	5422
V1Rpapp	4396
V1Rpap	3484
V1Rpa	3370
hyp7	3484
hyp7	4396
hyp7	5422
se	5422
V1Rpppp	4396
V1Rppp	3484
V1Rpp	3370
V1Rp	2116
V1R	463
hyp7	2116
hyp7	3484
hyp7	4396
hyp7	5422
se	5422
V2Rpapp	4396
V2Rpap	3484
V2Rpa	3370
hyp7	3484
hyp7	4396
hyp7	5422
se	5422
V2Rpppp	4396
V2Rppp	3484
V2Rpp	3370
V2Rp	2116
V2R	463
ABarppppa	368
hyp7	2116
hyp7	3484
hyp7	4396
hyp7	5422
se	5422
V4Rpapp	4396
V4Rpap	3484
V4Rpa	3370
hyp7	3484
hyp7	4396
hyp7	5422
se	5422
V4Rpppp	4396
V4Rppp	3484
V4Rpp	3370
V4Rp	2116
V4R	463
hyp7	2127
hyp7	3596
hyp7	4451
hyp7	5534
se	5534
V6Rpapp	4451
V6Rpap	3596
V6Rpa	3460
hyp7	3596
hyp7	4451
hyp7	5534
se	5534
V6Rpppp	4451
V6Rppp	3596
V6Rpp	3460
V6Rp	2127
V6R	463
ABarppppp	368
ABarpppp	283
ABarppp	226
ABarpp	156
ABarp	122
ABar	94
ABa	60
URADL	633
CEMDL	633
ABplaaaaaa	472
ABplaaaaapa	586
CEPDL	747
URXL	747
ABplaaaaapp	586
ABplaaaaap	472
ABplaaaaa	349
hyp6	463
hyp6	463
ABplaaaap	349
ABplaaaa	283
XXXL	482
hyp5	482
ABplaaapa	349
H0L	453
se	3391
hyp7	4508
hyp7	5591
se	5591
H1Lapp	4508
H1Lap	3391
H1La	2400
hyp7	2400
H1L	453
ABplaaapp	349
ABplaaap	283
ABplaaa	226
hyp3	615
ILsoDL	615
ABplaapaaa	463
URBL	577
AMshL	577
ABplaapaap	463
ABplaapaa	349
AWAL	615
ASGL	615
ABplaapapa	463
AIBL	567
ASIL	785
ABplaapapppp	785
ABplaapappp	567
ABplaapapp	463
ABplaapap	349
ABplaapa	283
hyp4	463
hyp6	463
ABplaappa	349
hyp7	434
hyp7	434
ABplaappp	349
ABplaapp	283
ABplaap	226
ABplaa	169
ABplapaaaaa	609
ADEL	833
ADAL	833
ABplapaaaap	609
ABplapaaaa	444
FLPL	833
AIZL	833
ABplapaaapa	607
RMGL	607
ABplapaaap	444
ABplapaaa	359
RMFL	4282
RMFR	4282
G2a	3712
exc socket	3712
G2	454
AVFL	3028
VB1	3028
P1aaa	2800
P1aap	2800
P1aa	2629
AS1	2857
VD2	2857
P1ap	2629
P1a	2458
hyp7	2458
P1	454
ABplapaap	359
ABplapaa	283
QLaa	2229
PQR	2229
QLa	1887
PVM	2457
SDQL	2457
QLpa	2229
QLpp	2229
QLp	1887
QL	1422
hyp7	2115
PDEL	3597
PVDL	3711
V5Lpaapp	3711
V5Lpaap	3597
V5Lpaa	3483
PDEsoL	3608
PDEshL	3608
V5Lpap	3483
V5Lpa	3369
hyp7	3483
hyp7	4395
hyp7	5421
se	5421
V5Lpppp	4395
V5Lppp	3483
V5Lpp	3369
V5Lp	2115
V5L	1422
ABplapapaa	434
VA9	3141
VB10	3141
P9aaa	2970
P9aap	2970
P9aa	2856
AS9	2970
VD10	2970
P9ap	2856
P9a	2628
hyp7	2628
P9	434
ABplapapa	349
VA11	3312
P11aaap	3312
P11aaa	3027
P11aap	3027
P11aa	2913
AS11	3027
VD12	3027
P11ap	2913
P11a	2742
hyp7	2742
P11	434
ABplapapppa	605
PLML	946
ALNL	946
ABplapappppa	785
ABplapappppp	785
ABplapapppp	605
ABplapappp	434
ABplapapp	349
ABplapap	283
ABplapa	226
VA3	3083
VB4	3083
P3aaa	2912
VC1	2912
P3aa	2741
AS3	2912
VD4	2912
P3ap	2741
P3a	2582
hyp7	4850
hyp7	4850
P3p	2582
P3	434
VA5	3084
VB6	3084
P5aaa	2913
VC3	2913
P5aa	2742
AS5	2913
VD6	2913
P5ap	2742
P5a	2571
vulA	5193
vulA	5193
P5paa	5079
vulB	5193
vulB	5193
P5pap	5079
P5pa	4851
vulC	5307
vulC	5307
P5ppa	5079
vulD	5079
P5pp	4851
P5p	2571
P5	434
ABplappaa	349
hyp7	2115
hyp7	3483
hyp7	4395
hyp7	5421
se	5421
V3Lpapp	4395
V3Lpap	3483
V3Lpa	3369
hyp7	3483
hyp7	4395
hyp7	5421
se	5421
V3Lpppp	4395
V3Lppp	3483
V3Lpp	3369
V3Lp	2115
V3L	434
VA7	3141
VB8	3141
P7aaa	2970
VC5	2970
P7aa	2856
AS7	2970
VD8	2970
P7ap	2856
P7a	2628
vulD	5079
vulC	5307
vulC	5307
P7pap	5079
P7pa	4851
vulB	5193
vulB	5193
P7ppa	5079
vulA	5193
vulA	5193
P7ppp	5079
P7pp	4851
P7p	2628
P7	434
ABplappap	349
ABplappa	283
PVQL	615
ABplapppaap	615
ABplapppaa	463
ABplapppapa	567
HSNL	795
PHBL	795
ABplapppapp	567
ABplapppap	463
ABplapppa	359
hyp7	463
hyp7	2343
hyp7	3824
hyp7	3824
TLapa	3505
se	3824
PVNL	3824
TLapp	3505
TLap	2343
TLa	2138
PHso1L	2582
PHso2L	2582
TLpa	2354
PVWL	2570
PHCL	2912
PLNL	2912
TLpppa	2798
TLpppp	2798
TLppp	2570
TLpp	2354
TLp	2138
TL	463
ABplapppp	359
ABplappp	283
ABplapp	226
ABplap	169
ABpla	122
SAAVL	586
AWCL	586
ABplpaaaaa	453
exc duct	576
DB1	576
ABplpaaaap	453
ABplpaaaa	368
URAVL	605
CEPshVL	605
ABplpaaapa	453
OLQVL	814
ABplpaaappap	814
ABplpaaappa	586
URYVL	586
ABplpaaapp	453
ABplpaaap	368
ABplpaaa	283
RIVL	605
AVBL	605
ABplpaapaa	457
AMsoL	614
CEMVL	614
ABplpaapap	457
ABplpaapa	359
ASHL	587
RIBL	587
ABplpaappa	435
AIML	558
CEPVL	786
ABplpaappppp	786
ABplpaapppp	558
ABplpaappp	435
ABplpaapp	359
ABplpaap	283
ABplpaa	226
SMDDL	605
AIYL	605
ABplpapaaa	438
SIADL	595
SIBVL	595
ABplpapaap	438
ABplpapaa	349
exc gl L	576
AVKL	576
ABplpapapa	434
SIAVL	586
DB5	586
ABplpapapp	434
ABplpapap	349
ABplpapa	283
RMEV	529
exc cell	529
ABplpappaa	425
ABplpappap	425
ABplpappa	349
rect hyp	2914
DVB	2914
K	558
rect hyp	558
ABplpapppa	444
PVT	567
rect D	567
ABplpapppp	444
ABplpappp	349
ABplpapp	283
ABplpap	226
ABplpa	154
SIBDL	591
ABplppaaaapa	800
RICL	800
ABplppaaaap	591
ABplppaaaa	462
ABplppaaap	462
ABplppaaa	358
ABplppaapaa	614
RIML	614
ABplppaapa	472
AIAL	605
DB6	605
ABplppaapp	472
ABplppaap	358
ABplppaa	292
SABVL	813
RIFL	813
ABplppapaaa	585
SABD	585
ABplppapaa	462
DA2	623
DA4	623
ABplppapap	462
ABplppapa	358
RIGL	610
DD1	610
ABplppappa	462
DD3	633
DD5	633
ABplppappp	462
ABplppapp	358
ABplppap	292
ABplppa	226
DA9	586
DA6	586
ABplpppaaa	453
PVCL	652
LUAL	652
ABplpppaapa	567
PHAL	567
ABplpppaap	453
ABplpppaa	349
PHshL	548
hyp8	548
ABplpppapa	453
ABplpppapp	453
ABplpppap	349
ABplpppa	292
PVPL	586
rect VL	586
ABplppppaa	444
U	558
F	558
ABplppppap	444
ABplppppa	349
mu int L	586
mu anal	586
ABplpppppa	444
tail spike	586
hyp10	586
ABplpppppp	444
ABplppppp	349
ABplpppp	292
ABplppp	226
ABplpp	154
ABplp	122
ABpl	94
AVER	625
OLQshVR	625
ABpraaaaaa	483
OLLshR	644
ABpraaaaapv	644
ABpraaaaap	483
ABpraaaaa	350
RMDR	606
AFDR	606
ABpraaaapa	458
ABpraaaappa	577
ASKR	757
ABpraaaapppp	757
ABpraaaappp	577
ABpraaaapp	458
ABpraaaap	350
ABpraaaa	284
ADLR	587
ABpraaapaav	587
ABpraaapaa	456
OLLR	795
ABpraaapapap	795
ABpraaapapa	596
ABpraaapapp	596
ABpraaapap	456
ABpraaapa	341
ADFR	559
AWBR	559
ABpraaappa	445
ASER	692
ABpraaapppap	692
ABpraaapppa	521
ASJR	692
AUAR	692
ABpraaapppp	521
ABpraaappp	445
ABpraaapp	341
ABpraaap	284
ABpraaa	227
hyp3	606
ILsoDR	606
ABpraapaaa	464
URBR	587
AMshR	587
ABpraapaap	464
ABpraapaa	350
AWAR	616
ASGR	616
ABpraapapa	464
AIBR	587
ASIR	777
ABpraapapppp	777
ABpraapappp	587
ABpraapapp	464
ABpraapap	350
ABpraapa	284
hyp4	464
hyp6	464
ABpraappa	350
hyp7	450
hyp7	450
ABpraappp	350
ABpraapp	284
ABpraap	227
ABpraa	170
ABprapaaaaa	616
ADER	834
ADAR	834
ABprapaaaap	616
ABprapaaaa	455
FLPR	835
AIZR	835
ABprapaaapa	607
RMGR	607
ABprapaaap	455
ABprapaaa	360
AVFR	2857
VB2	2857
Waa	2584
Wap	2584
Wa	2345
VA1	2584
VD1	2584
Wp	2345
W	455
VA2	3029
VB3	3029
P2aaa	2858
P2aap	2858
P2aa	2687
AS2	2915
VD3	2915
P2ap	2687
P2a	2516
hyp7	2516
P2	455
ABprapaap	360
ABprapaa	284
QRaa	2230
AQR	2230
QRa	1888
AVM	2458
SDQR	2458
QRpa	2230
QRpp	2230
QRp	1888
QR	1413
hyp7	2116
PDER	3598
PVDR	3712
V5Rpaapp	3712
V5Rpaap	3598
V5Rpaa	3484
PDEsoR	3609
PDEshR	3609
V5Rpap	3484
V5Rpa	3370
hyp7	3484
hyp7	4396
hyp7	5422
se	5422
V5Rpppp	4396
V5Rppp	3484
V5Rpp	3370
V5Rp	2116
V5R	1413
ABprapapaa	450
VA10	3142
VB11	3142
P10aaa	2971
P10aap	2971
P10aa	2857
AS10	2971
VD11	2971
P10ap	2857
P10a	2629
hyp7	2629
P10	450
ABprapapa	350
VA12	3313
P12aaap	3313
P12aaa	3028
P12aap	3028
P12aa	2914
PDB	3028
VD13	3028
P12ap	2914
P12a	2743
hyp12	3028
P12pp	3028
P12p	2743
P12	450
ABprapapppa	596
PLMR	928
ALNR	928
ABprapappppa	776
ABprapappppp	776
ABprapapppp	596
ABprapappp	450
ABprapapp	350
ABprapap	284
ABprapa	227
VA4	3084
VB5	3084
P4aaa	2913
VC2	2913
P4aa	2742
AS4	2913
VD5	2913
P4ap	2742
P4a	2583
hyp7	4851
hyp7	4851
P4p	2583
P4	450
VA6	3085
VB7	3085
P6aaa	2914
VC4	2914
P6aa	2743
AS6	2914
VD7	2914
P6ap	2743
P6a	2572
vulE	5194
vulE	5194
P6paa	5080
vulF	5308
vulF	5308
P6pap	5080
P6pa	4852
vulF	5308
vulF	5308
P6ppa	5080
vulE	5194
vulE	5194
P6ppp	5080
P6pp	4852
P6p	2572
P6	450
ABprappaa	350
hyp7	2116
hyp7	3484
hyp7	4396
hyp7	5422
se	5422
V3Rpapp	4396
V3Rpap	3484
V3Rpa	3370
hyp7	3484
hyp7	4396
hyp7	5422
se	5422
V3Rpppp	4396
V3Rppp	3484
V3Rpp	3370
V3Rp	2116
V3R	450
VA8	3142
VB9	3142
P8aaa	2971
VC6	2971
P8aa	2857
AS8	2971
VD9	2971
P8ap	2857
P8a	2629
hyp7	4852
hyp7	4852
P8p	2629
P8	450
ABprappap	350
ABprappa	284
PVQR	625
ABprapppaap	625
ABprapppaa	464
ABprapppapa	578
HSNR	796
PHBR	796
ABprapppapp	578
ABprapppap	464
ABprapppa	360
hyp7	464
hyp7	2344
hyp7	3825
hyp7	3825
TRapa	3506
se	3825
PVNR	3825
TRapp	3506
TRap	2344
TRa	2139
PHso1R	2583
PHso2R	2583
TRpa	2355
PVWR	2571
PHCR	2913
PLNR	2913
TRpppa	2799
TRpppp	2799
TRppp	2571
TRpp	2355
TRp	2139
TR	464
ABprapppp	360
ABprappp	284
ABprapp	227
ABprap	170
ABpra	132
SAAVR	590
AWCR	590
ABprpaaaaa	454
RMHL	2857
RMHR	2857
G1	583
DB3	583
ABprpaaaap	454
ABprpaaaa	369
URAVR	615
CEPshVR	615
ABprpaaapa	454
OLQVR	801
ABprpaaappap	801
ABprpaaappa	587
URYVR	587
ABprpaaapp	454
ABprpaaap	369
ABprpaaa	284
RIVR	597
AVBR	597
ABprpaapaa	455
AMsoR	603
CEMVR	603
ABprpaapap	455
ABprpaapa	360
ASHR	597
RIBR	597
ABprpaappa	445
AIMR	587
CEPVR	801
ABprpaappppp	801
ABprpaapppp	587
ABprpaappp	445
ABprpaapp	360
ABprpaap	284
ABprpaa	227
SMDDR	607
AIYR	607
ABprpapaaa	455
SIADR	597
SIBVR	597
ABprpapaap	455
ABprpapaa	341
exc gl R	578
AVKR	578
ABprpapapa	445
SIAVR	591
DA8	591
ABprpapapp	445
ABprpapap	341
ABprpapa	284
RIH	578
AVL	578
ABprpappaa	445
RIS	578
DB4	578
ABprpappap	445
ABprpappa	341
RIR	588
AVG	588
ABprpapppa	455
virR	578
virL	578
ABprpapppp	455
ABprpappp	341
ABprpapp	284
ABprpap	227
ABprpa	170
SIBDR	590
ABprppaaaapa	814
RICR	814
ABprppaaaap	590
ABprppaaaa	463
ABprppaaap	463
ABprppaaa	359
ABprppaapaa	625
RIMR	625
ABprppaapa	473
AIAR	606
DB7	606
ABprppaapp	473
ABprppaap	359
ABprppaa	293
SABVR	814
RIFR	814
ABprppapaaa	586
DA1	586
ABprppapaa	463
DA3	624
DA5	624
ABprppapap	463
ABprppapa	359
RIGR	609
DD2	609
ABprppappa	463
DD4	634
DD6	634
ABprppappp	463
ABprppapp	359
ABprppap	293
ABprppa	227
PDA	583
DA7	583
ABprpppaaa	460
PVCR	852
LUAR	852
ABprpppaapa	577
PHAR	577
ABprpppaap	460
ABprpppaa	350
PHshR	549
hyp9	549
ABprpppapa	460
ABprpppapp	460
ABprpppap	350
ABprpppa	293
PVPR	583
rect VR	583
ABprppppaa	454
B	558
DVA	558
ABprppppap	454
ABprppppa	350
mu bod	583
mu sph	583
ABprpppppa	454
tail spike	583
hyp10	583
ABprpppppp	454
ABprppppp	350
ABprpppp	293
ABprppp	227
ABprpp	170
ABprp	132
ABpr	94
ABp	60
AB	28
int1DL	709
int1VL	709
Ealaa	462
int3Va	538
int3Vp	538
int3V	462
Eala	339
int2V	462
int5La	538
int5Lp	538
int5L	462
Ealp	339
Eal	235
int1DR	709
int1VR	709
Earaa	462
int3Da	538
int3Dp	538
int3D	462
Eara	339
int2D	462
int5Ra	538
int5Rp	538
int5R	462
Earp	339
Ear	235
Ea	137
int4Va	548
int4Vp	548
int4V	472
int6La	548
int6Lp	548
int6L	472
Epla	349
int7La	567
int7Lp	567
int7L	491
int8La	814
int8Lp	814
int8L	738
int9La	814
int9Lp	814
int9L	738
Eplpp	491
Eplp	349
Epl	245
int4Da	548
int4Dp	548
int4D	472
int6Ra	548
int6Rp	548
int6R	472
Epra	349
int7Ra	567
int7Rp	567
int7R	491
int8Ra	814
int8Rp	814
int8R	738
int9Ra	814
int9Rp	814
int9R	738
Eprpp	491
Eprp	349
Epr	245
Ep	137
E	101
GLRDL	690
GLRDR	690
MSaaaaaa	459
I3	690
g1P	690
MSaaaaapa	557
m4DL	557
MSaaaaap	459
MSaaaaa	368
I4	567
m5DL	567
MSaaaapa	472
MSaaaappa	595
m7D	595
MSaaaapp	472
MSaaaap	368
MSaaaa	302
m3DL	566
m4L	566
MSaaapaa	481
mc3DL	595
m8	595
MSaaapap	481
MSaaapa	383
MSaaappa	557
vpi3D	557
MSaaapp	383
MSaaap	302
MSaaa	245
m4VL	557
m5VL	557
MSaapaaa	472
g1AL	747
MSaapaapap	747
MSaapaapa	548
m7VL	548
MSaapaap	472
MSaapaa	368
g2L	691
MSaapapap	691
MSaapapa	482
m6VL	577
vpi2DL	577
MSaapapp	482
MSaapap	368
MSaapa	302
vpi2V	577
vpi3V	577
MSaappa	395
mu bod	672
mu bod	672
MSaapppa	539
mu bod	729
mu bod	729
MSaapppp	539
MSaappp	395
MSaapp	302
MSaap	245
MSaa	188
GLRL	728
GLRVL	728
MSapaaaa	481
mu bod	481
MSapaaa	383
MSapaapa	519
mu bod	3027
mu bod	3027
Mdla	2742
cc herm DL	3141
mu bod	3141
Mdlp	2742
Mdl	2514
mu bod	3027
mu bod	3027
Mdra	2742
cc herm DR	3141
mu bod	3141
Mdrp	2742
Mdr	2514
Md	2286
mu bod	2913
mu bod	2913
Mvla	2685
um2	5421
um1	5421
Mvlpaaaa	5136
vm2	5421
vm1	5421
Mvlpaaap	5136
Mvlpaaa	4851
vm1	5421
vm2	5421
Mvlpaapa	5136
um1	5421
um2	5421
Mvlpaapp	5136
Mvlpaap	4851
Mvlpaa	3198
mu bod	3198
Mvlpa	2913
mu bod	2913
Mvlp	2685
Mvl	2457
mu bod	2913
mu bod	2913
Mvra	2685
um2	5421
um1	5421
Mvrpaaaa	5136
vm2	5421
vm1	5421
Mvrpaaap	5136
Mvrpaaa	4851
vm1	5421
vm2	5421
Mvrpaapa	5136
um1	5421
um2	5421
Mvrpaapp	5136
Mvrpaap	4851
Mvrpaa	3198
mu bod	3198
Mvrpa	2913
mu bod	2913
Mvrp	2685
Mvr	2457
Mv	2286
M	519
MSapaap	383
MSapaa	311
ccAL	861
ccPL	861
MSapapaa	481
mu bod	481
MSapapa	383
mu bod	500
mu bod	500
MSapapp	383
MSapap	311
MSapa	254
hmc	528
gon herm vut	5534
gon herm vut	5534
Z4aaaaaa	5420
gon herm vut	5534
gon herm vut	5534
Z4aaaaap	5420
Z4aaaaa	5078
gon herm vut	5420
gon herm vut	5420
Z4aaaap	5078
Z4aaaa	4736
gon herm vut	5420
gon herm vut	5420
Z4aaapa	5078
gon herm vut	5420
gon herm vut	5420
Z4aaapp	5078
Z4aaap	4736
Z4aaa	3482
gon herm vut	5420
gon herm vut	5420
Z4aapaa	5078
gon herm vut	5534
gon herm vut	5534
Z4aapapa	5420
gon herm vut	5534
gon herm vut	5534
Z4aapapp	5420
Z4aapap	5078
Z4aapa	4736
gon herm vut	5534
gon herm vut	5534
Z4aappaa	5420
gon herm vut	5534
gon herm vut	5534
Z4aappap	5420
Z4aappa	5078
gon herm vut	5534
gon herm sujn P	5534
Z4aapppa	5420
gon herm vut	5534
gon herm sujn P	5534
Z4aapppp	5420
Z4aappp	5078
Z4aapp	4736
Z4aap	3482
Z4aa	2798
gon herm spth A	5420
gon herm spth A	5420
Z4apaaaa	5078
gon herm sujn A	5420
gon herm spth A	5420
Z4apaaap	5078
Z4apaaa	4736
gon herm sujn A	5648
gon herm dut	5648
Z4apaapaa	5363
gon herm dut	5648
gon herm dut	5648
Z4apaapap	5363
Z4apaapa	5021
gon herm dut	5648
gon herm dut	5648
Z4apaappa	5363
gon herm dut	5648
gon herm dut	5648
Z4apaappp	5363
Z4apaapp	5021
Z4apaap	4736
Z4apaa	4622
gon herm dut	5648
gon herm dut	5648
Z4apapaaa	5363
gon herm dut	5648
gon herm dut	5648
Z4apapaap	5363
Z4apapaa	5021
gon herm dut	5648
gon herm dut	5648
Z4apapapa	5363
gon herm dut	5648
gon herm sujn P	5648
Z4apapapp	5363
Z4apapap	5021
Z4apapa	4736
gon herm sujn P	5477
gon herm spth P	5477
Z4apappa	5078
gon herm spth P	5477
gon herm spth P	5477
Z4apappp	5078
Z4apapp	4736
Z4apap	4622
Z4apa	3482
gon herm spth P	5534
gon herm spth P	5534
Z4appaaa	5363
gon herm spth P	5647
gon herm spth P	5704
gon herm spth P	5704
Z4appaapap	5647
Z4appaapa	5499
gon herm spth P	5704
gon herm spth P	5704
Z4appaappa	5647
gon herm spth P	5669
gon herm spth P	5669
Z4appaappp	5647
Z4appaapp	5499
Z4appaap	5363
Z4appaa	5021
posterior sheath	5534
posterior sheath	5534
Z4appapa	5363
posterior sheath	5499
posterior sheath	5499
Z4appapp	5363
Z4appap	5021
Z4appa	4679
gon herm dish P	4679
Z4app	3482
Z4ap	2798
Z4a	2513
gon herm spth P	5591
gon herm spth P	5591
Z4paaaa	5363
gon herm spth P	5647
gon herm spth P	5704
gon herm spth P	5704
Z4paaapap	5647
Z4paaapa	5499
gon herm spth P	5704
gon herm spth P	5704
Z4paaappa	5647
gon herm spth P	5704
gon herm spth P	5704
Z4paaappp	5647
Z4paaapp	5499
Z4paaap	5363
Z4paaa	5021
gon herm prsh P	5534
gon herm prsh P	5534
Z4paapa	5363
gon herm prsh P	5534
gon herm prsh P	5534
Z4paapp	5363
Z4paap	5021
Z4paa	4679
gon herm dish P	4679
Z4pa	2798
gon herm dtc B	2798
Z4p	2513
Z4	528
MSappaa	394
MSappapa	538
mu bod	538
MSappap	394
MSappa	311
mu bod	519
mu bod	519
MSapppa	394
mu bod	519
mu bod	519
MSapppp	394
MSappp	311
MSapp	254
MSap	188
MSa	137
M4	652
MSpaaaaap	652
MSpaaaaa	462
m3DR	576
m4DR	576
MSpaaaap	462
MSpaaaa	377
I6	633
M5	633
MSpaaapa	472
m5DR	595
m6D	595
MSpaaapp	472
MSpaaap	377
MSpaaa	311
M1	643
MSpaapaap	643
MSpaapaa	491
mc3DR	605
vpi1	605
MSpaapap	491
MSpaapa	387
MSpaapp	387
MSpaap	311
MSpaa	254
m4VR	553
m5VR	553
MSpapaaa	472
g1AR	747
MSpapaapap	747
MSpapaapa	548
m7VR	548
MSpapaap	472
MSpapaa	377
g2R	699
MSpapapap	699
MSpapapa	481
m6VR	576
vpi2DR	576
MSpapapp	481
MSpapap	377
MSpapa	311
mu bod	538
mu bod	538
MSpappa	396
mu bod	680
mu bod	680
MSpapppa	538
mu bod	718
mu bod	718
MSpapppp	538
MSpappp	396
MSpapp	311
MSpap	254
MSpa	188
GLRR	728
GLRVR	728
MSppaaaa	481
mu bod	481
MSppaaa	386
MSppaapa	519
mu int R	519
MSppaap	386
MSppaa	320
ccAR	861
ccPR	861
MSppapaa	481
mu bod	481
MSppapa	386
mu bod	500
mu bod	500
MSppapp	386
MSppap	320
MSppa	258
MSpppaaa	529
gon herm dtc a	2742
gon herm dish A	4680
gon herm prsh A	5478
gon herm prsh A	5478
Z1appaa	5364
gon herm prsh A	5535
gon herm prsh A	5535
Z1appap	5364
Z1appa	5079
gon herm spth A	5706
gon herm spth A	5706
Z1apppaaa	5649
gon herm spth A	5763
gon herm spth A	5763
Z1apppaap	5649
Z1apppaa	5478
gon herm spth A	5763
gon herm spth A	5763
Z1apppapa	5649
gon herm spth A	5649
Z1apppap	5478
Z1apppa	5364
gon herm spth A	5535
gon herm spth A	5535
Z1apppp	5364
Z1appp	5079
Z1app	4680
Z1ap	2742
Z1a	2457
gon herm dish A	4680
gon herm prsh A	5478
gon herm prsh A	5478
Z1paapaa	5364
gon herm prsh A	5535
gon herm prsh A	5535
Z1paapap	5364
Z1paapa	5079
gon herm spth A	5706
gon herm spth A	5706
Z1paappaaa	5649
gon herm spth A	5763
gon herm spth A	5763
Z1paappaap	5649
Z1paappaa	5478
gon herm spth A	5763
gon herm spth A	5763
Z1paappapa	5649
gon herm spth A	5649
Z1paappap	5478
Z1paappa	5364
gon herm spth A	5535
gon herm spth A	5535
Z1paappp	5364
Z1paapp	5079
Z1paap	4680
Z1paa	3483
gon herm spth A	5478
gon herm spth A	5478
Z1papaaa	5079
gon herm sujn A	5478
gon herm spth A	5478
Z1papaap	5079
Z1papaa	4794
gon herm sujn A	5592
gon herm dut	5592
Z1papapaa	5421
gon herm dut	5592
gon herm dut	5592
Z1papapap	5421
Z1papapa	5079
gon herm dut	5592
gon herm dut	5592
Z1papappa	5421
gon herm dut	5592
gon herm dut	5592
Z1papappp	5421
Z1papapp	5079
Z1papap	4794
Z1papa	4623
gon herm dut	5592
gon herm dut	5592
Z1pappaaa	5421
gon herm dut	5592
gon herm dut	5592
Z1pappaap	5421
Z1pappaa	5079
gon herm dut	5592
gon herm dut	5592
Z1pappapa	5421
gon herm dut	5592
gon herm sujn P	5592
Z1pappapp	5421
Z1pappap	5079
Z1pappa	4794
gon herm sujn P	5478
gon herm spth P	5478
Z1papppa	5079
gon herm spth P	5478
gon herm spth P	5478
Z1papppp	5079
Z1pappp	4794
Z1papp	4623
Z1pap	3483
Z1pa	2742
gon herm sujn A	5535
gon herm vut	5535
Z1ppaaaa	5421
gon herm sujn A	5535
gon herm vut	5535
Z1ppaaap	5421
Z1ppaaa	5079
gon herm vut	5535
gon herm vut	5535
Z1ppaapa	5421
gon herm vut	5535
gon herm vut	5535
Z1ppaapp	5421
Z1ppaap	5079
Z1ppaa	4737
gon herm vut	5421
gon herm vut	5421
Z1ppapa	5079
gon herm vut	5421
gon herm vut	5421
Z1ppapp	5079
Z1ppap	4737
Z1ppa	3483
gon herm anch	3483
Z1pp	2742
Z1p	2457
Z1	529
MSpppaa	396
MSpppapa	538
mu bod	538
MSpppap	396
MSpppa	320
mu bod	519
mu bod	519
MSppppa	396
mu bod	519
mu bod	519
MSppppp	396
MSpppp	320
MSppp	258
MSpp	188
MSp	137
MS	101
EMS	62
hyp7	443
hyp7	443
Caaaa	339
hyp7	447
hyp7	447
Caaap	339
Caaa	279
DVC	653
Caapap	653
Caapa	368
hyp7	472
PVR	472
Caapp	368
Caap	279
Caa	211
mu bod	636
mu bod	636
Capaaa	500
mu bod	652
mu bod	652
Capaap	500
Capaa	377
mu bod	642
mu bod	642
Capapa	500
mu bod	652
mu bod	652
Capapp	500
Capap	377
Capa	279
mu bod	614
mu bod	614
Cappaa	481
mu bod	636
mu bod	636
Cappap	481
Cappa	377
mu bod	636
mu bod	636
Capppa	481
mu bod	652
mu bod	652
Capppp	481
Cappp	377
Capp	279
Cap	211
Ca	160
hyp7	447
hyp7	447
Cpaaa	349
hyp7	444
hyp7	444
Cpaap	349
Cpaa	279
hyp7	462
hyp7	462
Cpapa	358
hyp7	472
hyp11	472
Cpapp	358
Cpap	279
Cpa	211
mu bod	636
mu bod	636
Cppaaa	500
mu bod	652
mu bod	652
Cppaap	500
Cppaa	377
mu bod	642
mu bod	642
Cppapa	500
mu bod	652
mu bod	652
Cppapp	500
Cppap	377
Cppa	279
mu bod	614
mu bod	614
Cpppaa	481
mu bod	636
mu bod	636
Cpppap	481
Cpppa	377
mu bod	636
mu bod	636
Cppppa	481
mu bod	652
mu bod	652
Cppppp	481
Cpppp	377
Cppp	279
Cpp	211
Cp	160
C	107
mu bod	548
mu bod	548
Daaa	425
mu bod	554
mu bod	554
Daap	425
Daa	340
mu bod	539
mu bod	539
Dapa	406
mu bod	671
mu bod	671
Dappa	529
mu bod	709
mu bod	709
Dappp	529
Dapp	406
Dap	340
Da	245
mu bod	548
mu bod	548
Dpaa	425
mu bod	552
mu bod	552
Dpap	425
Dpa	340
mu bod	539
mu bod	539
Dppa	406
mu bod	671
mu bod	671
Dpppa	529
mu bod	709
mu bod	709
Dpppp	529
Dppp	406
Dpp	340
Dp	245
D	156
Z3	292
Z2	292
P4	156
P3	107
P2	62
P1	28
P0	0
